{
    "Andaman and Nicobar":[11.623377,92.726486],
    "Andhra Pradesh":[14.685564, 77.595406],
    "Arunachal Pradesh":[27.351110,96.015831],
    "Assam":[26.244156,	92.537842],
    "Bihar":[25.612677,85.158875],
    "Chandigarh":[30.741482,76.768066],
    "Chhattisgarh":[21.295132,81.828232],
    "Dadra and Nagar Haveli":[20.234716,73.014084],
    "Daman and Diu":[20.397373,72.832802],
    "Delhi":[28.644800,77.216721],
    "Goa":[15.496777,73.827827],
    "Gujarat":[22.309425,	72.136230],
    "Haryana":[29.238478,76.43188],
    "Himachal Pradesh":[32.084206	,77.571167],
    "Jammu and Kashmir":[34.083656,74.797371],
    "Jharkhand":[24.334454,86.931107],
    "Karnataka":[15.317277,	75.713890],
    "Kerala":[10.850516,	76.271080],
    "Ladakh":[34.209515, 77.615112],
    "Lakshadweep":[13.7000,72.1833],
    "Maharashtra":[19.601194,	75.552979],
    "Manipur":[24.813967, 93.950279],
    "Meghalaya":[25.960135, 92.019363],
    "Mizoram":[23.727106,92.717636],
    "Madhya Pradesh":[23.473324	,77.947998],
    "Nagaland":[25.906267, 93.727592],
    "Odisha":[20.940920	,84.803467],
    "Puducherry":[11.916064, 79.812325],
    "Punjab":[30.900965, 75.857277],
    "Rajasthan":[27.391277,	73.432617],
    "Sikkim":[27.338936, 88.606506],
    "Tamil Nadu":[11.059821,78.387451],
    "Telengana":[17.123184,	79.208824],
    "Tripura":[23.745127,	91.746826],
    "Uttar Pradesh":[28.207609,	79.826660],
    "Uttarakhand":[30.316496, 78.032188],
    "West Bengal":[22.978624,	87.747803]
}